agency,reporting_org,un_function_code,geographic_location,grant_financing_instruments,sdgs_sector_tag_result,contributor,vocab_1_sector_code,gender_marker,basic_activity_data,finance_type,incoming_funds,budget,disbursements_or_expenditures
FAO,1,0,0.997643053555061,1,0,1,0.895377766138536,0.897080005237659,0.895246824669373,1,0,1,0.968574047400812
IFAD,1,0,1,1,0,1,0,0,1,0.990018148820327,0,0,0.961887477313975
ILO,1,0,1,1,0.198664263754903,0.993003286335206,1,0.292695854977208,1,1,0.225166967030637,0.797731368599597,0.999575956747588
IOM,1,0,1,1,0,1,1,0,1,1,0.332099418297197,1,0.252776308831306
ITC,1,0,1,0,0,0.99375,1,1,1,0,0,1,0.98125
OCHASDC,1,0,1,1,0,0.5,1,1,1,1,1,1,1
UNAIDS,1,0,1,1,0,1,1,0,1,1,0.00614754098360656,1,1
UNCDF,1,0,1,0.505535055350554,0.601476014760148,1,1,0,1,0.180811808118081,0,0.826568265682657,0.992619926199262
UNDCO,1,0,1,1,0,1,1,0,1,1,0,1,1
UNDP,1,0,1,1,0.888651535380507,1,0.98958611481976,0.590654205607477,0.995460614152203,1,0.585046728971963,0.589853137516689,0.574632843791722
UNEP,1,0,1,0,0,0.294117647058824,1,0,1,0,0,1,1
UNESCO,1,0,0.928803827751196,1,0.70488038277512,1,0.186411483253589,0,0.928803827751196,1,0,1,1
UNFPA,1,0,1,1,0,1,1,0,1,1,0,1,1
UNHCR,1,0.158787878787879,1,1,0.147878787878788,1,1,0,1,1,0.687272727272727,0.943030303030303,0.793939393939394
UNICEF,1,0,1,1,0.985966016362492,0.936689741976086,1,1,1,1,0,1,1
UNIDO,1,0,0.953015769793529,0,0,1,0,1,0.953015769793529,0,0,0.950170703950577,0.959274914648025
UNOCHA,1,0,1,1,0,1,1,0,1,1,1,1,1
UNOPS,1,0,1,0.192307692307692,0,0.0384615384615385,0.846153846153846,0,0.846153846153846,0.192307692307692,0.192307692307692,1,0.961538461538461
WFP,1,0,1,1,0.998149861239593,0.998149861239593,1,0,1,1,0,1,1
WHO,1,0,1,1,0.818717089516515,0.8832934418382,1,0,1,1,1,1,0.438726663475347
