agency,reporting_org,un_function_code,geographic_location,grant_financing_instruments,sdgs_sector_tag_result,contributor,vocab_1_sector_code,gender_marker,basic_activity_data,finance_type,incoming_funds,budget,disbursements_or_expenditures
FAO,1,0,0.998166819431714,1,0,1,0.89433023438523,0.896294356422679,0.894199292916067,1,0,1,0.969621579154118
IFAD,1,0,1,1,0,1,0,0,1,0.98582151793161,0,0,0.963302752293578
ILO,1,0,1,1,0.212873903392876,0.996511996617694,1,0.300496776239298,1,1,0.236867138780256,0.69453546136772,0.992706902018814
IOM,1,0,1,1,0,1,1,0,1,1,0.385873799013243,1,0.271877434432615
ITC,1,0,1,0,0,0.99375,1,1,1,0,0,1,0.98125
OCHASDC,1,0,1,1,0,0.5,1,1,1,1,1,1,1
UN-WOMEN,1,0,0.995124923826935,1,0.734308348567946,1,0.852528945764778,1,0.855575868372943,1,0.892138939670933,1,0.850091407678245
UNAIDS,1,0,1,1,0,1,1,0,1,1,0.00614754098360656,1,1
UNCDF,1,0,1,0.505535055350554,0.601476014760148,1,1,0,1,0.180811808118081,0,0.826568265682657,0.992619926199262
UNDCO,1,0,1,1,0,1,1,0,1,1,0,1,1
UNDP,1,0,1,1,0.895225830190415,1,0.988455523870849,0.625563425627817,0.997792291417533,1,0.620780057032472,0.625701407414221,0.609603532333732
UNEP,1,0,1,0,0,0.386363636363636,1,0,1,0,0,1,1
UNESCO,1,0,0.915406698564593,1,0.716746411483254,1,0.180287081339713,0,0.915406698564593,1,0,1,1
UNFPA,1,0,1,1,0,1,1,0,1,1,0,1,1
UNHCR,1,0.158787878787879,1,1,0.147878787878788,1,1,0,1,1,0.687272727272727,0.943030303030303,0.793939393939394
UNICEF,1,0,1,1,0.975757201899945,0.925606069952501,1,1,1,1,0,1,1
UNIDO,1,0,0.91845979614949,0,0,1,0,1,0.91845979614949,0,0,0.953405597799709,0.924364989483902
UNOCHA,1,0,1,1,0,1,1,0,1,1,1,1,1
UNOPS,1,0,1,0.192307692307692,0,0.0384615384615385,0.846153846153846,0,0.846153846153846,0.192307692307692,0.192307692307692,1,0.961538461538461
UNRWA,1,0,1,0,0.459582790091265,0.105606258148631,1,0,1,0,0,0.954367666232073,0.992177314211212
WFP,1,0,1,1,0.998148148148148,0.998148148148148,1,0,1,1,0,1,1
WHO,1,0,1,1,0.819147917663954,0.889995213020584,1,0,1,1,1,1,0.469076112972714
