agency,reporting_org,un_function_code,geographic_location,grant_financing_instruments,sdgs_sector_tag_result,contributor,vocab_1_sector_code,gender_marker,basic_activity_data,finance_type,incoming_funds,budget,disbursements_or_expenditures
CERF,1,0,1,1,0,1,1,0,1,1,1,0,0.833389318105475
FAO,1,0,0.997643053555061,1,0,1,0.895377766138536,0.428964252978918,0.895246824669373,1,0,1,0.968574047400812
IFAD,1,0,1,1,0,1,0,0,1,0.992443324937028,0,0,0.964735516372796
ILO,1,0,1,1,0.198664263754903,0.993003286335206,1,0.17110145234814,1,1,0.225166967030637,0.797731368599597,0.999575956747588
IOM,1,0,1,1,0,1,1,0,1,1,0.322204125950054,1,0.26628664495114
ITC,1,0,1,0,0,0.99375,1,0.50625,1,0,0,1,0.98125
OCHASDC,1,0,1,1,0,0.5,1,0,1,1,1,1,1
UN-WOMEN,1,0,0.995118974984747,1,0.735204392922514,1,0.852348993288591,1,0.855399633923124,1,0.87614399023795,1,0.849908480780964
UNAIDS,1,0,1,1,0,1,1,0,1,1,0.00614754098360656,1,1
UNCDF,1,0,1,0.505535055350554,0.601476014760148,1,1,0,1,0.180811808118081,0,0.826568265682657,0.992619926199262
UNDCO,1,0,1,1,0,1,1,0,1,1,0,1,1
UNDP,1,0,1,1,0.893317757009346,0.999953271028037,0.985327102803738,0.384345794392523,0.997663551401869,1,0.629345794392523,0.628457943925234,0.607289719626168
UNEP,1,0,1,0,0,0.294117647058824,1,0,1,0,0,1,1
UNESCO,1,0,0.928803827751196,1,0.70488038277512,1,0.186411483253589,0,0.928803827751196,1,0,1,1
UNFPA,1,0,1,1,0,1,1,0,1,1,0,1,1
UNHCR,1,0.158787878787879,1,1,0.147878787878788,1,1,0,1,1,0.687272727272727,0.943030303030303,0.793939393939394
UNICEF,1,0,1,1,0.99647266313933,0.933176562806192,1,0.722124240642759,1,1,0,1,1
UNIDO,1,0,0.924257759784076,0,0,1,0,0.820344129554656,0.924257759784076,0,0,0.94475371120108,0.92914979757085
UNITAID,1,0,1,1,0,0,1,0,1,1,1,0.640350877192982,0.991228070175439
UNOCHA,1,0,1,1,0,1,1,0,1,1,1,1,1
UNOPS,1,0,1,1,0,0.2,0.2,0,0.2,1,1,1,0.8
UNPF,1,0,0.864613380478273,0,0,0.0237275518749418,0,0,0.864613380478273,0,0.993393505164232,0.969945100958407,0.993486554387271
UNRWA,1,0,1,0,0.472616632860041,0.0466531440162272,1,0,1,0,0,0.952670723461799,0.991886409736308
WFP,1,0,1,1,0.998425196850394,0.998425196850394,1,0,1,1,0,1,1
WHO,1,0,1,1,0.818717089516515,0.8832934418382,1,0,1,1,1,1,0.438726663475347
